theta_deg,phi_deg,dir_julia_imp_dBi,in_target
1.5,7.499999999999999,19.027039926329042,false
1.5,22.5,19.020864969953276,false
1.5,37.49999999999999,19.011220697092014,false
1.5,52.5,19.00060775409479,false
1.5,67.5,18.99187423417193,false
1.5,82.5,18.987448434469773,false
1.5,97.49999999999999,18.988600036608286,false
1.5,112.49999999999999,18.995015835198732,false
1.5,127.49999999999999,19.004888301556615,false
1.5,142.5,19.01548859903828,false
1.5,157.5,19.023981279729515,false
1.5,172.49999999999997,19.02817888273254,false
1.5,187.5,19.02703992632905,false
1.5,202.49999999999997,19.020864969953287,false
1.5,217.49999999999997,19.011220697092018,false
1.5,232.5,19.000607754094794,false
1.5,247.49999999999997,18.991874234171924,false
1.5,262.49999999999994,18.987448434469776,false
1.5,277.5,18.988600036608283,false
1.5,292.5,18.99501583519872,false
1.5,307.49999999999994,19.004888301556605,false
1.5,322.5,19.015488599038285,false
1.5,337.5,19.023981279729515,false
1.5,352.49999999999994,19.02817888273254,false
4.5,7.499999999999999,18.058251789975223,false
4.5,22.5,18.00980022526173,false
4.5,37.49999999999999,17.927677873522786,false
4.5,52.5,17.82660307228039,false
4.5,67.5,17.73381058127918,false
4.5,82.5,17.681826800734523,false
4.5,97.49999999999999,17.692121048472885,false
4.5,112.49999999999999,17.761554759889002,false
4.5,127.49999999999999,17.86360792290305,false
4.5,142.5,17.963655986710773,false
4.5,157.5,18.035489401103458,false
4.5,172.49999999999997,18.067517769907738,false
4.5,187.5,18.058251789975234,false
4.5,202.49999999999997,18.009800225261728,false
4.5,217.49999999999997,17.927677873522786,false
4.5,232.5,17.826603072280392,false
4.5,247.49999999999997,17.73381058127918,false
4.5,262.49999999999994,17.681826800734527,false
4.5,277.5,17.692121048472874,false
4.5,292.5,17.761554759888988,false
4.5,307.49999999999994,17.86360792290304,false
4.5,322.5,17.963655986710762,false
4.5,337.5,18.035489401103444,false
4.5,352.49999999999994,18.067517769907727,false
7.499999999999999,7.499999999999999,15.994924464826363,false
7.499999999999999,22.5,15.907956899906013,false
7.499999999999999,37.49999999999999,15.712998699054745,false
7.499999999999999,52.5,15.39698411366858,false
7.499999999999999,67.5,15.040883893045043,false
7.499999999999999,82.5,14.808194184070242,false
7.499999999999999,97.49999999999999,14.836019863988694,false
7.499999999999999,112.49999999999999,15.113944003680276,false
7.499999999999999,127.49999999999999,15.48992615800519,false
7.499999999999999,142.5,15.798084062154832,false
7.499999999999999,157.5,15.965203850058602,false
7.499999999999999,172.49999999999997,16.01479212973056,false
7.499999999999999,187.5,15.994924464826386,false
7.499999999999999,202.49999999999997,15.907956899906036,false
7.499999999999999,217.49999999999997,15.712998699054769,false
7.499999999999999,232.5,15.39698411366858,false
7.499999999999999,247.49999999999997,15.040883893045052,false
7.499999999999999,262.49999999999994,14.808194184070235,false
7.499999999999999,277.5,14.836019863988689,false
7.499999999999999,292.5,15.113944003680258,false
7.499999999999999,307.49999999999994,15.489926158005176,false
7.499999999999999,322.5,15.798084062154809,false
7.499999999999999,337.5,15.965203850058582,false
7.499999999999999,352.49999999999994,16.01479212973054,false
10.499999999999998,7.499999999999999,12.468112992273417,false
10.499999999999998,22.5,12.496681842755482,false
10.499999999999998,37.49999999999999,12.261092239965222,false
10.499999999999998,52.5,11.510039851310545,false
10.499999999999998,67.5,10.370210371074096,false
10.499999999999998,82.5,9.459585987193885,false
10.499999999999998,97.49999999999999,9.507968154410616,false
10.499999999999998,112.49999999999999,10.492316981067475,false
10.499999999999998,127.49999999999999,11.65391588603202,false
10.499999999999998,142.5,12.37678350152845,false
10.499999999999998,157.5,12.560992576848882,false
10.499999999999998,172.49999999999997,12.486748122634179,false
10.499999999999998,187.5,12.46811299227344,false
10.499999999999998,202.49999999999997,12.496681842755509,false
10.499999999999998,217.49999999999997,12.261092239965246,false
10.499999999999998,232.5,11.510039851310577,false
10.499999999999998,247.49999999999997,10.370210371074123,false
10.499999999999998,262.49999999999994,9.459585987193893,false
10.499999999999998,277.5,9.507968154410605,false
10.499999999999998,292.5,10.492316981067454,false
10.499999999999998,307.49999999999994,11.653915886031989,false
10.499999999999998,322.5,12.376783501528417,false
10.499999999999998,337.5,12.560992576848859,false
10.499999999999998,352.49999999999994,12.486748122634166,false
13.5,7.499999999999999,6.303932909293949,false
13.5,22.5,7.1837398397200305,false
13.5,37.49999999999999,7.382563594630946,false
13.5,52.5,5.71431616813646,false
13.5,67.5,1.659807533067246,false
13.5,82.5,-3.6789682046565093,false
13.5,97.49999999999999,-3.669713941201738,false
13.5,112.49999999999999,1.7199104121759166,false
13.5,127.49999999999999,5.818728518322207,false
13.5,142.5,7.4350559019906655,false
13.5,157.5,7.151672350283932,false
13.5,172.49999999999997,6.268268572478267,false
13.5,187.5,6.30393290929394,false
13.5,202.49999999999997,7.183739839720048,false
13.5,217.49999999999997,7.382563594630965,false
13.5,232.5,5.714316168136487,false
13.5,247.49999999999997,1.6598075330672757,false
13.5,262.49999999999994,-3.6789682046564858,false
13.5,277.5,-3.6697139412017603,false
13.5,292.5,1.7199104121758517,false
13.5,307.49999999999994,5.818728518322171,false
13.5,322.5,7.4350559019906495,false
13.5,337.5,7.151672350283921,false
13.5,352.49999999999994,6.26826857247827,false
16.499999999999996,7.499999999999999,-8.481571888199507,false
16.499999999999996,22.5,-2.252861766836426,false
16.499999999999996,37.49999999999999,0.7697423946007522,false
16.499999999999996,52.5,-3.211978744228716,false
16.499999999999996,67.5,-11.645797866652828,false
16.499999999999996,82.5,0.19619154011741383,false
16.499999999999996,97.49999999999999,0.5538531304085371,false
16.499999999999996,112.49999999999999,-9.607644979978563,false
16.499999999999996,127.49999999999999,-3.6139236474206404,false
16.499999999999996,142.5,0.5339817979408424,false
16.499999999999996,157.5,-2.7202368584425205,false
16.499999999999996,172.49999999999997,-8.421844579200076,false
16.499999999999996,187.5,-8.481571888199582,false
16.499999999999996,202.49999999999997,-2.2528617668364856,false
16.499999999999996,217.49999999999997,0.7697423946007548,false
16.499999999999996,232.5,-3.211978744228645,false
16.499999999999996,247.49999999999997,-11.645797866652938,false
16.499999999999996,262.49999999999994,0.19619154011741197,false
16.499999999999996,277.5,0.5538531304085473,false
16.499999999999996,292.5,-9.607644979978478,false
16.499999999999996,307.49999999999994,-3.6139236474207026,false
16.499999999999996,322.5,0.5339817979408433,false
16.499999999999996,337.5,-2.7202368584424415,false
16.499999999999996,352.49999999999994,-8.421844579200002,false
19.5,7.499999999999999,1.641533453432595,false
19.5,22.5,-8.365229048521087,false
19.5,37.49999999999999,-7.913584800278366,false
19.5,52.5,-19.750740221253405,false
19.5,67.5,-0.2436359836084133,false
19.5,82.5,5.26064331479258,false
19.5,97.49999999999999,5.6749714640964575,false
19.5,112.49999999999999,0.9292132319174478,false
19.5,127.49999999999999,-25.43041293192358,false
19.5,142.5,-8.568237726084773,false
19.5,157.5,-6.4000542761755135,false
19.5,172.49999999999997,1.9714975068009974,false
19.5,187.5,1.6415334534327177,false
19.5,202.49999999999997,-8.365229048520796,false
19.5,217.49999999999997,-7.913584800278452,false
19.5,232.5,-19.750740221253153,false
19.5,247.49999999999997,-0.24363598360841993,false
19.5,262.49999999999994,5.260643314792583,false
19.5,277.5,5.674971464096473,false
19.5,292.5,0.9292132319174579,false
19.5,307.49999999999994,-25.430412931924078,false
19.5,322.5,-8.568237726084671,false
19.5,337.5,-6.400054276175689,false
19.5,352.49999999999994,1.9714975068008946,false
22.5,7.499999999999999,5.6615816013206075,false
22.5,22.5,-1.4203455425143183,false
22.5,37.49999999999999,-17.093401490493534,false
22.5,52.5,-15.219183583793615,false
22.5,67.5,0.656560264639348,false
22.5,82.5,5.301877193615717,false
22.5,97.49999999999999,5.912947071699443,false
22.5,112.49999999999999,2.0643499470850752,false
22.5,127.49999999999999,-15.441778929710788,false
22.5,142.5,-16.390576661231414,false
22.5,157.5,-0.7840398693647456,false
22.5,172.49999999999997,5.79361140476717,false
22.5,187.5,5.661581601320684,false
22.5,202.49999999999997,-1.4203455425141893,false
22.5,217.49999999999997,-17.09340149049384,false
22.5,232.5,-15.21918358379368,false
22.5,247.49999999999997,0.6565602646393374,false
22.5,262.49999999999994,5.301877193615711,false
22.5,277.5,5.912947071699444,false
22.5,292.5,2.0643499470850597,false
22.5,307.49999999999994,-15.441778929710836,false
22.5,322.5,-16.39057666123128,false
22.5,337.5,-0.7840398693648778,false
22.5,352.49999999999994,5.793611404767076,false
25.499999999999996,7.499999999999999,6.233250839194308,false
25.499999999999996,22.5,-0.24553254756937481,false
25.499999999999996,37.49999999999999,-17.931593471508318,false
25.499999999999996,52.5,-13.4253617506652,false
25.499999999999996,67.5,-1.651888091718813,false
25.499999999999996,82.5,2.21830558418698,false
25.499999999999996,97.49999999999999,3.250407238276631,false
25.499999999999996,112.49999999999999,0.17367729672740562,false
25.499999999999996,127.49999999999999,-15.503068262380573,false
25.499999999999996,142.5,-14.653622723540934,false
25.499999999999996,157.5,-0.2582772663107914,false
25.499999999999996,172.49999999999997,6.186779869718283,false
25.499999999999996,187.5,6.233250839194341,false
25.499999999999996,202.49999999999997,-0.2455325475692855,false
25.499999999999996,217.49999999999997,-17.931593471508776,false
25.499999999999996,232.5,-13.425361750665294,false
25.499999999999996,247.49999999999997,-1.6518880917188097,false
25.499999999999996,262.49999999999994,2.2183055841869983,false
25.499999999999996,277.5,3.250407238276625,false
25.499999999999996,292.5,0.1736772967273797,false
25.499999999999996,307.49999999999994,-15.503068262380534,false
25.499999999999996,322.5,-14.653622723540868,false
25.499999999999996,337.5,-0.25827726631089987,false
25.499999999999996,352.49999999999994,6.186779869718223,false
28.5,7.499999999999999,4.623569554252446,true
28.5,22.5,-1.4460322179162521,false
28.5,37.49999999999999,-13.889097473011505,false
28.5,52.5,-12.736566161592243,false
28.5,67.5,-6.368620901940792,false
28.5,82.5,-5.80013813350936,false
28.5,97.49999999999999,-3.3783450334784906,false
28.5,112.49999999999999,-4.09239079978624,false
28.5,127.49999999999999,-11.620318269441118,false
28.5,142.5,-10.041429046927608,false
28.5,157.5,-2.1011292547266978,false
28.5,172.49999999999997,4.317192982503679,false
28.5,187.5,4.623569554252462,false
28.5,202.49999999999997,-1.4460322179161889,false
28.5,217.49999999999997,-13.889097473011518,false
28.5,232.5,-12.736566161592357,false
28.5,247.49999999999997,-6.368620901940779,false
28.5,262.49999999999994,-5.80013813350933,false
28.5,277.5,-3.3783450334785297,false
28.5,292.5,-4.09239079978632,false
28.5,307.49999999999994,-11.620318269441105,false
28.5,322.5,-10.041429046927632,false
28.5,337.5,-2.1011292547267706,false
28.5,352.49999999999994,4.317192982503652,true
31.5,7.499999999999999,0.43666237837500066,true
31.5,22.5,-4.427962825151343,false
31.5,37.49999999999999,-10.67944126436413,false
31.5,52.5,-14.186346921849262,false
31.5,67.5,-12.26803429852325,false
31.5,82.5,-9.825849247499864,false
31.5,97.49999999999999,-11.963826588965796,false
31.5,112.49999999999999,-11.13013901407295,false
31.5,127.49999999999999,-9.900623692163576,false
31.5,142.5,-8.187813455990238,false
31.5,157.5,-5.69672403687866,false
31.5,172.49999999999997,-0.360576459280034,false
31.5,187.5,0.43666237837494914,false
31.5,202.49999999999997,-4.427962825151322,false
31.5,217.49999999999997,-10.679441264364023,false
31.5,232.5,-14.186346921849413,false
31.5,247.49999999999997,-12.268034298523236,false
31.5,262.49999999999994,-9.825849247499978,false
31.5,277.5,-11.96382658896582,false
31.5,292.5,-11.130139014073087,false
31.5,307.49999999999994,-9.90062369216365,false
31.5,322.5,-8.1878134559903,false
31.5,337.5,-5.696724036878682,false
31.5,352.49999999999994,-0.36057645928002413,true
34.5,7.499999999999999,-10.315612733109239,false
34.5,22.5,-9.302819733821789,false
34.5,37.49999999999999,-8.731582828653975,false
34.5,52.5,-19.66687374590951,false
34.5,67.5,-14.188827760750431,false
34.5,82.5,-1.8876108845103865,false
34.5,97.49999999999999,-2.7544883302446923,false
34.5,112.49999999999999,-19.145648488641314,false
34.5,127.49999999999999,-11.375076489607846,false
34.5,142.5,-8.628215681977853,false
34.5,157.5,-10.798252857169164,false
34.5,172.49999999999997,-12.363981531973277,false
34.5,187.5,-10.315612733109496,false
34.5,202.49999999999997,-9.302819733821801,false
34.5,217.49999999999997,-8.731582828653924,false
34.5,232.5,-19.66687374590999,false
34.5,247.49999999999997,-14.188827760750478,false
34.5,262.49999999999994,-1.8876108845104589,false
34.5,277.5,-2.7544883302446594,false
34.5,292.5,-19.145648488641495,false
34.5,307.49999999999994,-11.375076489607942,false
34.5,322.5,-8.628215681977967,false
34.5,337.5,-10.7982528571691,false
34.5,352.49999999999994,-12.363981531973087,false
37.49999999999999,7.499999999999999,-6.9097114221157145,false
37.49999999999999,22.5,-16.28435852825981,false
37.49999999999999,37.49999999999999,-8.006685043946431,false
37.49999999999999,52.5,-20.840156364737155,false
37.49999999999999,67.5,-14.494911084688635,false
37.49999999999999,82.5,0.06731412686293799,false
37.49999999999999,97.49999999999999,-0.1141330052532466,false
37.49999999999999,112.49999999999999,-18.699428824751266,false
37.49999999999999,127.49999999999999,-16.474186007357186,false
37.49999999999999,142.5,-10.60378172138809,false
37.49999999999999,157.5,-16.521273691045405,false
37.49999999999999,172.49999999999997,-5.32295085922843,false
37.49999999999999,187.5,-6.909711422115475,false
37.49999999999999,202.49999999999997,-16.284358528260064,false
37.49999999999999,217.49999999999997,-8.006685043946467,false
37.49999999999999,232.5,-20.840156364737968,false
37.49999999999999,247.49999999999997,-14.494911084688646,false
37.49999999999999,262.49999999999994,0.0673141268629038,false
37.49999999999999,277.5,-0.11413300525323967,false
37.49999999999999,292.5,-18.699428824751138,false
37.49999999999999,307.49999999999994,-16.474186007357304,false
37.49999999999999,322.5,-10.60378172138822,false
37.49999999999999,337.5,-16.521273691045216,false
37.49999999999999,352.49999999999994,-5.322950859228635,false
40.5,7.499999999999999,-0.3453171260673945,false
40.5,22.5,-21.197553141445148,false
40.5,37.49999999999999,-8.57678905196672,false
40.5,52.5,-14.636186724771889,false
40.5,67.5,-15.604249680291012,false
40.5,82.5,-0.5725624253529169,false
40.5,97.49999999999999,-0.20669568735777333,false
40.5,112.49999999999999,-19.582735258866723,false
40.5,127.49999999999999,-22.723053352843635,false
40.5,142.5,-12.660841002648937,false
40.5,157.5,-20.242016548144104,false
40.5,172.49999999999997,-0.03475475162212403,false
40.5,187.5,-0.3453171260672765,false
40.5,202.49999999999997,-21.197553141445727,false
40.5,217.49999999999997,-8.576789051966836,false
40.5,232.5,-14.636186724772116,false
40.5,247.49999999999997,-15.604249680291026,false
40.5,262.49999999999994,-0.5725624253529499,false
40.5,277.5,-0.20669568735775057,false
40.5,292.5,-19.582735258866485,false
40.5,307.49999999999994,-22.723053352842953,false
40.5,322.5,-12.660841002648986,false
40.5,337.5,-20.242016548143923,false
40.5,352.49999999999994,-0.03475475162223096,false
43.5,7.499999999999999,1.814413879332184,false
43.5,22.5,-20.26211564010518,false
43.5,37.49999999999999,-10.582777606134533,false
43.5,52.5,-12.049014483345317,false
43.5,67.5,-15.871072184259706,false
43.5,82.5,-3.4012170092984717,false
43.5,97.49999999999999,-2.2550039138708606,false
43.5,112.49999999999999,-21.55304138121114,false
43.5,127.49999999999999,-17.209974793631172,false
43.5,142.5,-13.319116040278441,false
43.5,157.5,-21.087636920406556,false
43.5,172.49999999999997,1.5932896928336795,false
43.5,187.5,1.8144138793322482,false
43.5,202.49999999999997,-20.262115640105264,false
43.5,217.49999999999997,-10.58277760613472,false
43.5,232.5,-12.049014483345372,false
43.5,247.49999999999997,-15.87107218425979,false
43.5,262.49999999999994,-3.4012170092984917,false
43.5,277.5,-2.255003913870843,false
43.5,292.5,-21.553041381210967,false
43.5,307.49999999999994,-17.209974793630927,false
43.5,322.5,-13.319116040278455,false
43.5,337.5,-21.087636920406595,false
43.5,352.49999999999994,1.593289692833606,false
46.49999999999999,7.499999999999999,2.018224847892544,false
46.49999999999999,22.5,-17.418450718011005,false
46.49999999999999,37.49999999999999,-14.079543254328748,false
46.49999999999999,52.5,-11.320028467307866,false
46.49999999999999,67.5,-15.241644377470056,false
46.49999999999999,82.5,-9.52372381515373,false
46.49999999999999,97.49999999999999,-6.502326340408598,false
46.49999999999999,112.49999999999999,-21.050155123561865,false
46.49999999999999,127.49999999999999,-14.827395298114519,false
46.49999999999999,142.5,-13.691361731536631,false
46.49999999999999,157.5,-20.24808609404687,false
46.49999999999999,172.49999999999997,1.353112836188005,false
46.49999999999999,187.5,2.018224847892573,false
46.49999999999999,202.49999999999997,-17.41845071801071,false
46.49999999999999,217.49999999999997,-14.0795432543291,false
46.49999999999999,232.5,-11.320028467307893,false
46.49999999999999,247.49999999999997,-15.241644377470195,false
46.49999999999999,262.49999999999994,-9.523723815153778,false
46.49999999999999,277.5,-6.502326340408599,false
46.49999999999999,292.5,-21.050155123561765,false
46.49999999999999,307.49999999999994,-14.827395298114364,false
46.49999999999999,322.5,-13.69136173153665,false
46.49999999999999,337.5,-20.248086094046922,false
46.49999999999999,352.49999999999994,1.3531128361879587,false
49.5,7.499999999999999,0.8155581089141495,false
49.5,22.5,-13.70687835302206,false
49.5,37.49999999999999,-17.14821154507712,false
49.5,52.5,-11.46580829770931,false
49.5,67.5,-14.766901642433902,false
49.5,82.5,-21.688599576565867,false
49.5,97.49999999999999,-14.102185104662254,false
49.5,112.49999999999999,-19.868221301821265,false
49.5,127.49999999999999,-14.909554119241948,false
49.5,142.5,-15.161818333778527,false
49.5,157.5,-19.318640401429715,false
49.5,172.49999999999997,-0.37007392946911805,false
49.5,187.5,0.8155581089141415,false
49.5,202.49999999999997,-13.706878353021832,false
49.5,217.49999999999997,-17.148211545077537,false
49.5,232.5,-11.465808297709358,false
49.5,247.49999999999997,-14.766901642434132,false
49.5,262.49999999999994,-21.688599576565775,false
49.5,277.5,-14.102185104662315,false
49.5,292.5,-19.868221301821187,false
49.5,307.49999999999994,-14.909554119241852,false
49.5,322.5,-15.161818333778612,false
49.5,337.5,-19.318640401429782,false
49.5,352.49999999999994,-0.37007392946912543,false
52.5,7.499999999999999,-1.737689948705354,false
52.5,22.5,-10.990061894200627,false
52.5,37.49999999999999,-15.642515938759274,false
52.5,52.5,-11.863420001813294,false
52.5,67.5,-14.348517984552524,false
52.5,82.5,-10.267284962708384,false
52.5,97.49999999999999,-13.696320937585874,false
52.5,112.49999999999999,-19.3717932284149,false
52.5,127.49999999999999,-16.314176928509234,false
52.5,142.5,-18.315360406085375,false
52.5,157.5,-19.367132291036103,false
52.5,172.49999999999997,-3.744475375349337,false
52.5,187.5,-1.7376899487054123,false
52.5,202.49999999999997,-10.990061894200508,false
52.5,217.49999999999997,-15.642515938759447,false
52.5,232.5,-11.863420001813376,false
52.5,247.49999999999997,-14.348517984552744,false
52.5,262.49999999999994,-10.267284962708372,false
52.5,277.5,-13.69632093758592,false
52.5,292.5,-19.371793228414724,false
52.5,307.49999999999994,-16.314176928509106,false
52.5,322.5,-18.31536040608553,false
52.5,337.5,-19.367132291036178,false
52.5,352.49999999999994,-3.7444753753492965,false
55.49999999999999,7.499999999999999,-5.919895706445166,false
55.49999999999999,22.5,-9.49012498039365,false
55.49999999999999,37.49999999999999,-13.389494863271103,false
55.49999999999999,52.5,-12.215628358499268,false
55.49999999999999,67.5,-13.558999157804887,false
55.49999999999999,82.5,-6.211580647086392,false
55.49999999999999,97.49999999999999,-8.683981879415333,false
55.49999999999999,112.49999999999999,-18.99726032204022,false
55.49999999999999,127.49999999999999,-17.932403299965184,false
55.49999999999999,142.5,-23.912019333995506,false
55.49999999999999,157.5,-20.495530827020115,false
55.49999999999999,172.49999999999997,-9.905771620960275,false
55.49999999999999,187.5,-5.9198957064453115,false
55.49999999999999,202.49999999999997,-9.49012498039355,false
55.49999999999999,217.49999999999997,-13.389494863271143,false
55.49999999999999,232.5,-12.215628358499398,false
55.49999999999999,247.49999999999997,-13.55899915780511,false
55.49999999999999,262.49999999999994,-6.211580647086402,false
55.49999999999999,277.5,-8.683981879415345,false
55.49999999999999,292.5,-18.997260322039953,false
55.49999999999999,307.49999999999994,-17.932403299965042,false
55.49999999999999,322.5,-23.912019333995854,false
55.49999999999999,337.5,-20.495530827020033,false
55.49999999999999,352.49999999999994,-9.905771620960115,false
58.5,7.499999999999999,-11.64855149420957,false
58.5,22.5,-8.972438671631316,false
58.5,37.49999999999999,-12.274187330894602,false
58.5,52.5,-12.542046116994403,false
58.5,67.5,-12.550165111775701,false
58.5,82.5,-4.695382429181538,false
58.5,97.49999999999999,-6.537759000707858,false
58.5,112.49999999999999,-18.332297772844374,false
58.5,127.49999999999999,-18.63359034376264,false
58.5,142.5,-31.912915029025232,false
58.5,157.5,-22.004684666944367,false
58.5,172.49999999999997,-23.693886515453976,false
58.5,187.5,-11.648551494209766,false
58.5,202.49999999999997,-8.972438671631268,false
58.5,217.49999999999997,-12.274187330894648,false
58.5,232.5,-12.54204611699457,false
58.5,247.49999999999997,-12.550165111775913,false
58.5,262.49999999999994,-4.695382429181563,false
58.5,277.5,-6.537759000707849,false
58.5,292.5,-18.332297772844083,false
58.5,307.49999999999994,-18.63359034376245,false
58.5,322.5,-31.91291502902626,false
58.5,337.5,-22.004684666944108,false
58.5,352.49999999999994,-23.693886515453734,false
61.49999999999999,7.499999999999999,-11.854823862067708,false
61.49999999999999,22.5,-9.194846927621427,false
61.49999999999999,37.49999999999999,-12.072077876374818,false
61.49999999999999,52.5,-12.953187937949727,false
61.49999999999999,67.5,-11.747497015170325,false
61.49999999999999,82.5,-4.438119172916985,false
61.49999999999999,97.49999999999999,-5.876677157571214,false
61.49999999999999,112.49999999999999,-17.65244925675257,false
61.49999999999999,127.49999999999999,-18.532729642695955,false
61.49999999999999,142.5,-28.42776832113454,false
61.49999999999999,157.5,-22.305415513642345,false
61.49999999999999,172.49999999999997,-12.748954292919993,false
61.49999999999999,187.5,-11.854823862067608,false
61.49999999999999,202.49999999999997,-9.194846927621436,false
61.49999999999999,217.49999999999997,-12.072077876374838,false
61.49999999999999,232.5,-12.953187937949913,false
61.49999999999999,247.49999999999997,-11.747497015170511,false
61.49999999999999,262.49999999999994,-4.438119172917003,false
61.49999999999999,277.5,-5.876677157571201,false
61.49999999999999,292.5,-17.652449256752373,false
61.49999999999999,307.49999999999994,-18.532729642695777,false
61.49999999999999,322.5,-28.427768321134877,false
61.49999999999999,337.5,-22.305415513641922,false
61.49999999999999,352.49999999999994,-12.748954292920311,false
64.5,7.499999999999999,-8.388912297780983,false
64.5,22.5,-9.928570353530125,false
64.5,37.49999999999999,-12.449942117081164,false
64.5,52.5,-13.477902727097515,false
64.5,67.5,-11.375264585363707,false
64.5,82.5,-4.978797219938681,false
64.5,97.49999999999999,-6.093542578915166,false
64.5,112.49999999999999,-17.31894022277077,false
64.5,127.49999999999999,-18.438786620673334,false
64.5,142.5,-25.384095216158904,false
64.5,157.5,-21.14199130197936,false
64.5,172.49999999999997,-8.355701710255538,false
64.5,187.5,-8.38891229778087,false
64.5,202.49999999999997,-9.928570353530104,false
64.5,217.49999999999997,-12.449942117081179,false
64.5,232.5,-13.477902727097693,false
64.5,247.49999999999997,-11.375264585363865,false
64.5,262.49999999999994,-4.978797219938704,false
64.5,277.5,-6.0935425789151365,false
64.5,292.5,-17.31894022277064,false
64.5,307.49999999999994,-18.43878662067319,false
64.5,322.5,-25.38409521615901,false
64.5,337.5,-21.14199130197909,false
64.5,352.49999999999994,-8.355701710255723,false
67.5,7.499999999999999,-6.547278213755079,false
67.5,22.5,-10.920829132505327,false
67.5,37.49999999999999,-13.126941020625562,false
67.5,52.5,-14.061649639648069,false
67.5,67.5,-11.466821671750061,false
67.5,82.5,-6.084920673573175,false
67.5,97.49999999999999,-6.880088603224648,false
67.5,112.49999999999999,-17.456519172433428,false
67.5,127.49999999999999,-18.68155195300567,false
67.5,142.5,-24.64717738773456,false
67.5,157.5,-19.896017308936717,false
67.5,172.49999999999997,-6.710153378637445,false
67.5,187.5,-6.547278213755002,false
67.5,202.49999999999997,-10.920829132505375,false
67.5,217.49999999999997,-13.126941020625573,false
67.5,232.5,-14.061649639648298,false
67.5,247.49999999999997,-11.466821671750235,false
67.5,262.49999999999994,-6.084920673573197,false
67.5,277.5,-6.880088603224621,false
67.5,292.5,-17.456519172433293,false
67.5,307.49999999999994,-18.681551953005552,false
67.5,322.5,-24.64717738773472,false
67.5,337.5,-19.896017308936585,false
67.5,352.49999999999994,-6.710153378637575,false
70.49999999999999,7.499999999999999,-5.963099727556638,false
70.49999999999999,22.5,-11.88610777152769,false
70.49999999999999,37.49999999999999,-13.872498778005664,false
70.49999999999999,52.5,-14.633163468762287,false
70.49999999999999,67.5,-11.976125494028363,false
70.49999999999999,82.5,-7.6058359667327355,false
70.49999999999999,97.49999999999999,-8.030290334027312,false
70.49999999999999,112.49999999999999,-18.03721878515685,false
70.49999999999999,127.49999999999999,-19.223136363335477,false
70.49999999999999,142.5,-25.06059415543313,false
70.49999999999999,157.5,-19.198778372755665,false
70.49999999999999,172.49999999999997,-6.360648035856365,false
70.49999999999999,187.5,-5.963099727556558,false
70.49999999999999,202.49999999999997,-11.88610777152775,false
70.49999999999999,217.49999999999997,-13.872498778005674,false
70.49999999999999,232.5,-14.633163468762426,false
70.49999999999999,247.49999999999997,-11.976125494028542,false
70.49999999999999,262.49999999999994,-7.605835966732755,false
70.49999999999999,277.5,-8.03029033402728,false
70.49999999999999,292.5,-18.037218785156774,false
70.49999999999999,307.49999999999994,-19.223136363335325,false
70.49999999999999,322.5,-25.060594155433293,false
70.49999999999999,337.5,-19.19877837275561,false
70.49999999999999,352.49999999999994,-6.360648035856466,false
73.5,7.499999999999999,-6.242263890546708,false
73.5,22.5,-12.584256247859763,false
73.5,37.49999999999999,-14.527904259092367,false
73.5,52.5,-15.156379994460412,false
73.5,67.5,-12.832187230048298,false
73.5,82.5,-9.413074406392436,false
73.5,97.49999999999999,-9.366173629075817,false
73.5,112.49999999999999,-18.972560410684796,false
73.5,127.49999999999999,-19.917385323644027,false
73.5,142.5,-25.90915877577528,false
73.5,157.5,-19.0813739609109,false
73.5,172.49999999999997,-6.83195930511596,false
73.5,187.5,-6.2422638905466545,false
73.5,202.49999999999997,-12.584256247859852,false
73.5,217.49999999999997,-14.527904259092335,false
73.5,232.5,-15.15637999446054,false
73.5,247.49999999999997,-12.83218723004848,false
73.5,262.49999999999994,-9.413074406392466,false
73.5,277.5,-9.36617362907576,false
73.5,292.5,-18.972560410684768,false
73.5,307.49999999999994,-19.917385323643877,false
73.5,322.5,-25.909158775775374,false
73.5,337.5,-19.081373960910973,false
73.5,352.49999999999994,-6.831959305116047,false
76.5,7.499999999999999,-7.193475818801809,false
76.5,22.5,-12.943960257994549,false
76.5,37.49999999999999,-15.026453924002563,false
76.5,52.5,-15.634704194224774,false
76.5,67.5,-13.95319035886272,false
76.5,82.5,-11.360716414174973,false
76.5,97.49999999999999,-10.70865022749695,false
76.5,112.49999999999999,-20.147422992378235,false
76.5,127.49999999999999,-20.620192982077686,false
76.5,142.5,-26.59739513682496,false
76.5,157.5,-19.434027716166835,false
76.5,172.49999999999997,-7.919383538746372,false
76.5,187.5,-7.193475818801794,false
76.5,202.49999999999997,-12.943960257994648,false
76.5,217.49999999999997,-15.026453924002485,false
76.5,232.5,-15.634704194224852,false
76.5,247.49999999999997,-13.953190358862901,false
76.5,262.49999999999994,-11.360716414174995,false
76.5,277.5,-10.708650227496905,false
76.5,292.5,-20.147422992378196,false
76.5,307.49999999999994,-20.620192982077565,false
76.5,322.5,-26.5973951368251,false
76.5,337.5,-19.434027716166945,false
76.5,352.49999999999994,-7.919383538746408,false
79.49999999999999,7.499999999999999,-8.747047755856217,false
79.49999999999999,22.5,-13.06165766162196,false
79.49999999999999,37.49999999999999,-15.374430293155282,false
79.49999999999999,52.5,-16.080127693133978,false
79.49999999999999,67.5,-15.240218604067728,false
79.49999999999999,82.5,-13.25500740758607,false
79.49999999999999,97.49999999999999,-11.884758497823636,false
79.49999999999999,112.49999999999999,-21.42460879392241,false
79.49999999999999,127.49999999999999,-21.232616030974366,false
79.49999999999999,142.5,-26.800627310848277,false
79.49999999999999,157.5,-20.12135869577591,false
79.49999999999999,172.49999999999997,-9.532475914065053,false
79.49999999999999,187.5,-8.74704775585622,false
79.49999999999999,202.49999999999997,-13.061657661622055,false
79.49999999999999,217.49999999999997,-15.374430293155225,false
79.49999999999999,232.5,-16.080127693134024,false
79.49999999999999,247.49999999999997,-15.240218604067945,false
79.49999999999999,262.49999999999994,-13.25500740758612,false
79.49999999999999,277.5,-11.884758497823576,false
79.49999999999999,292.5,-21.424608793922314,false
79.49999999999999,307.49999999999994,-21.232616030974192,false
79.49999999999999,322.5,-26.80062731084835,false
79.49999999999999,337.5,-20.121358695776095,false
79.49999999999999,352.49999999999994,-9.53247591406508,false
82.5,7.499999999999999,-10.914377509985504,false
82.5,22.5,-13.071600275463508,false
82.5,37.49999999999999,-15.605716745794352,false
82.5,52.5,-16.48276804062937,false
82.5,67.5,-16.555935940202108,false
82.5,82.5,-14.85909798310966,false
82.5,97.49999999999999,-12.769556702002783,false
82.5,112.49999999999999,-22.641111759764026,false
82.5,127.49999999999999,-21.706534229050458,false
82.5,142.5,-26.626294973634383,false
82.5,157.5,-20.982807523390214,false
82.5,172.49999999999997,-11.630415602262428,false
82.5,187.5,-10.914377509985545,false
82.5,202.49999999999997,-13.071600275463615,false
82.5,217.49999999999997,-15.605716745794297,false
82.5,232.5,-16.48276804062938,false
82.5,247.49999999999997,-16.555935940202318,false
82.5,262.49999999999994,-14.859097983109763,false
82.5,277.5,-12.769556702002676,false
82.5,292.5,-22.641111759764012,false
82.5,307.49999999999994,-21.70653422905039,false
82.5,322.5,-26.62629497363451,false
82.5,337.5,-20.982807523390484,false
82.5,352.49999999999994,-11.630415602262456,false
85.5,7.499999999999999,-13.691859954280272,false
85.5,22.5,-13.056916273120738,false
85.5,37.49999999999999,-15.748728749260044,false
85.5,52.5,-16.802165625740514,false
85.5,67.5,-17.693974981323166,false
85.5,82.5,-15.971125650279344,false
85.5,97.49999999999999,-13.324819155395588,false
85.5,112.49999999999999,-23.61153266901418,false
85.5,127.49999999999999,-22.026067548525894,false
85.5,142.5,-26.35688775898117,false
85.5,157.5,-21.805488982245738,false
85.5,172.49999999999997,-14.092150205782506,false
85.5,187.5,-13.691859954280387,false
85.5,202.49999999999997,-13.056916273120866,false
85.5,217.49999999999997,-15.748728749259977,false
85.5,232.5,-16.80216562574052,false
85.5,247.49999999999997,-17.69397498132341,false
85.5,262.49999999999994,-15.97112565027948,false
85.5,277.5,-13.32481915539547,false
85.5,292.5,-23.611532669014018,false
85.5,307.49999999999994,-22.02606754852575,false
85.5,322.5,-26.356887758981394,false
85.5,337.5,-21.805488982246008,false
85.5,352.49999999999994,-14.092150205782495,false
88.49999999999999,7.499999999999999,-16.407249488292145,false
88.49999999999999,22.5,-13.047244928154933,false
88.49999999999999,37.49999999999999,-15.817866404736145,false
88.49999999999999,52.5,-16.98236702493853,false
88.49999999999999,67.5,-18.37854823198329,false
88.49999999999999,82.5,-16.517215567008588,false
88.49999999999999,97.49999999999999,-13.5823822503341,false
88.49999999999999,112.49999999999999,-24.155582245156126,false
88.49999999999999,127.49999999999999,-22.186814318754152,false
88.49999999999999,142.5,-26.18443488271542,false
88.49999999999999,157.5,-22.324108592127793,false
88.49999999999999,172.49999999999997,-16.202682351224173,false
88.49999999999999,187.5,-16.407249488292468,false
88.49999999999999,202.49999999999997,-13.047244928155067,false
88.49999999999999,217.49999999999997,-15.817866404736073,false
88.49999999999999,232.5,-16.982367024938547,false
88.49999999999999,247.49999999999997,-18.378548231983547,false
88.49999999999999,262.49999999999994,-16.517215567008748,false
88.49999999999999,277.5,-13.582382250333966,false
88.49999999999999,292.5,-24.155582245155976,false
88.49999999999999,307.49999999999994,-22.186814318754095,false
88.49999999999999,322.5,-26.184434882715536,false
88.49999999999999,337.5,-22.32410859212809,false
88.49999999999999,352.49999999999994,-16.20268235122418,false
91.5,7.499999999999999,-16.40724948829216,false
91.5,22.5,-13.047244928154933,false
91.5,37.49999999999999,-15.817866404736145,false
91.5,52.5,-16.98236702493853,false
91.5,67.5,-18.378548231983295,false
91.5,82.5,-16.517215567008588,false
91.5,97.49999999999999,-13.5823822503341,false
91.5,112.49999999999999,-24.155582245156126,false
91.5,127.49999999999999,-22.186814318754152,false
91.5,142.5,-26.18443488271542,false
91.5,157.5,-22.324108592127793,false
91.5,172.49999999999997,-16.202682351224183,false
91.5,187.5,-16.40724948829248,false
91.5,202.49999999999997,-13.047244928155067,false
91.5,217.49999999999997,-15.817866404736073,false
91.5,232.5,-16.982367024938547,false
91.5,247.49999999999997,-18.37854823198355,false
91.5,262.49999999999994,-16.517215567008748,false
91.5,277.5,-13.582382250333966,false
91.5,292.5,-24.155582245155976,false
91.5,307.49999999999994,-22.186814318754095,false
91.5,322.5,-26.184434882715536,false
91.5,337.5,-22.32410859212809,false
91.5,352.49999999999994,-16.20268235122419,false
94.5,7.499999999999999,-13.691859954280277,false
94.5,22.5,-13.056916273120738,false
94.5,37.49999999999999,-15.748728749260044,false
94.5,52.5,-16.802165625740514,false
94.5,67.5,-17.693974981323166,false
94.5,82.5,-15.971125650279344,false
94.5,97.49999999999999,-13.324819155395588,false
94.5,112.49999999999999,-23.611532669014185,false
94.5,127.49999999999999,-22.026067548525894,false
94.5,142.5,-26.35688775898117,false
94.5,157.5,-21.80548898224574,false
94.5,172.49999999999997,-14.092150205782513,false
94.5,187.5,-13.691859954280396,false
94.5,202.49999999999997,-13.056916273120866,false
94.5,217.49999999999997,-15.748728749259977,false
94.5,232.5,-16.80216562574052,false
94.5,247.49999999999997,-17.693974981323414,false
94.5,262.49999999999994,-15.97112565027948,false
94.5,277.5,-13.32481915539547,false
94.5,292.5,-23.61153266901402,false
94.5,307.49999999999994,-22.026067548525745,false
94.5,322.5,-26.356887758981394,false
94.5,337.5,-21.80548898224601,false
94.5,352.49999999999994,-14.092150205782497,false
97.49999999999999,7.499999999999999,-10.91437750998553,false
97.49999999999999,22.5,-13.071600275463489,false
97.49999999999999,37.49999999999999,-15.605716745794345,false
97.49999999999999,52.5,-16.48276804062936,false
97.49999999999999,67.5,-16.5559359402021,false
97.49999999999999,82.5,-14.859097983109672,false
97.49999999999999,97.49999999999999,-12.769556702002792,false
97.49999999999999,112.49999999999999,-22.64111175976408,false
97.49999999999999,127.49999999999999,-21.706534229050455,false
97.49999999999999,142.5,-26.626294973634394,false
97.49999999999999,157.5,-20.982807523390235,false
97.49999999999999,172.49999999999997,-11.63041560226247,false
97.49999999999999,187.5,-10.914377509985563,false
97.49999999999999,202.49999999999997,-13.07160027546361,false
97.49999999999999,217.49999999999997,-15.605716745794284,false
97.49999999999999,232.5,-16.482768040629388,false
97.49999999999999,247.49999999999997,-16.555935940202332,false
97.49999999999999,262.49999999999994,-14.859097983109796,false
97.49999999999999,277.5,-12.76955670200267,false
97.49999999999999,292.5,-22.64111175976398,false
97.49999999999999,307.49999999999994,-21.706534229050376,false
97.49999999999999,322.5,-26.62629497363457,false
97.49999999999999,337.5,-20.982807523390473,false
97.49999999999999,352.49999999999994,-11.63041560226247,false
100.5,7.499999999999999,-8.74704775585623,false
100.5,22.5,-13.061657661621949,false
100.5,37.49999999999999,-15.374430293155283,false
100.5,52.5,-16.080127693133978,false
100.5,67.5,-15.240218604067739,false
100.5,82.5,-13.2550074075861,false
100.5,97.49999999999999,-11.88475849782365,false
100.5,112.49999999999999,-21.424608793922438,false
100.5,127.49999999999999,-21.232616030974313,false
100.5,142.5,-26.800627310848277,false
100.5,157.5,-20.121358695775903,false
100.5,172.49999999999997,-9.532475914065055,false
100.5,187.5,-8.747047755856226,false
100.5,202.49999999999997,-13.061657661622043,false
100.5,217.49999999999997,-15.37443029315523,false
100.5,232.5,-16.080127693134028,false
100.5,247.49999999999997,-15.240218604067945,false
100.5,262.49999999999994,-13.255007407586149,false
100.5,277.5,-11.884758497823585,false
100.5,292.5,-21.42460879392231,false
100.5,307.49999999999994,-21.232616030974253,false
100.5,322.5,-26.80062731084835,false
100.5,337.5,-20.12135869577607,false
100.5,352.49999999999994,-9.532475914065106,false
103.5,7.499999999999999,-7.193475818801801,false
103.5,22.5,-12.943960257994556,false
103.5,37.49999999999999,-15.02645392400255,false
103.5,52.5,-15.634704194224797,false
103.5,67.5,-13.95319035886272,false
103.5,82.5,-11.360716414174982,false
103.5,97.49999999999999,-10.708650227496966,false
103.5,112.49999999999999,-20.147422992378207,false
103.5,127.49999999999999,-20.620192982077686,false
103.5,142.5,-26.59739513682494,false
103.5,157.5,-19.434027716166817,false
103.5,172.49999999999997,-7.919383538746374,false
103.5,187.5,-7.193475818801795,false
103.5,202.49999999999997,-12.943960257994654,false
103.5,217.49999999999997,-15.026453924002496,false
103.5,232.5,-15.63470419422487,false
103.5,247.49999999999997,-13.95319035886291,false
103.5,262.49999999999994,-11.360716414175009,false
103.5,277.5,-10.708650227496914,false
103.5,292.5,-20.14742299237827,false
103.5,307.49999999999994,-20.620192982077565,false
103.5,322.5,-26.597395136825178,false
103.5,337.5,-19.434027716166938,false
103.5,352.49999999999994,-7.919383538746416,false
106.49999999999999,7.499999999999999,-6.242263890546708,false
106.49999999999999,22.5,-12.584256247859775,false
106.49999999999999,37.49999999999999,-14.527904259092377,false
106.49999999999999,52.5,-15.15637999446042,false
106.49999999999999,67.5,-12.8321872300483,false
106.49999999999999,82.5,-9.413074406392457,false
106.49999999999999,97.49999999999999,-9.366173629075812,false
106.49999999999999,112.49999999999999,-18.972560410684803,false
106.49999999999999,127.49999999999999,-19.917385323644034,false
106.49999999999999,142.5,-25.90915877577523,false
106.49999999999999,157.5,-19.081373960910884,false
106.49999999999999,172.49999999999997,-6.831959305115957,false
106.49999999999999,187.5,-6.242263890546667,false
106.49999999999999,202.49999999999997,-12.584256247859866,false
106.49999999999999,217.49999999999997,-14.527904259092336,false
106.49999999999999,232.5,-15.15637999446053,false
106.49999999999999,247.49999999999997,-12.832187230048493,false
106.49999999999999,262.49999999999994,-9.4130744063925,false
106.49999999999999,277.5,-9.366173629075782,false
106.49999999999999,292.5,-18.972560410684732,false
106.49999999999999,307.49999999999994,-19.91738532364395,false
106.49999999999999,322.5,-25.909158775775452,false
106.49999999999999,337.5,-19.08137396091095,false
106.49999999999999,352.49999999999994,-6.831959305116051,false
109.5,7.499999999999999,-5.9630997275566235,false
109.5,22.5,-11.886107771527692,false
109.5,37.49999999999999,-13.872498778005667,false
109.5,52.5,-14.633163468762284,false
109.5,67.5,-11.976125494028363,false
109.5,82.5,-7.60583596673275,false
109.5,97.49999999999999,-8.030290334027315,false
109.5,112.49999999999999,-18.037218785156874,false
109.5,127.49999999999999,-19.223136363335477,false
109.5,142.5,-25.06059415543312,false
109.5,157.5,-19.198778372755633,false
109.5,172.49999999999997,-6.36064803585636,false
109.5,187.5,-5.963099727556568,false
109.5,202.49999999999997,-11.886107771527751,false
109.5,217.49999999999997,-13.872498778005678,false
109.5,232.5,-14.63316346876245,false
109.5,247.49999999999997,-11.97612549402855,false
109.5,262.49999999999994,-7.605835966732756,false
109.5,277.5,-8.030290334027287,false
109.5,292.5,-18.037218785156778,false
109.5,307.49999999999994,-19.223136363335385,false
109.5,322.5,-25.060594155433304,false
109.5,337.5,-19.19877837275561,false
109.5,352.49999999999994,-6.360648035856455,false
112.5,7.499999999999999,-6.54727821375508,false
112.5,22.5,-10.920829132505327,false
112.5,37.49999999999999,-13.126941020625564,false
112.5,52.5,-14.061649639648069,false
112.5,67.5,-11.466821671750065,false
112.5,82.5,-6.084920673573176,false
112.5,97.49999999999999,-6.880088603224646,false
112.5,112.49999999999999,-17.45651917243343,false
112.5,127.49999999999999,-18.68155195300567,false
112.5,142.5,-24.647177387734565,false
112.5,157.5,-19.896017308936713,false
112.5,172.49999999999997,-6.710153378637445,false
112.5,187.5,-6.547278213754996,false
112.5,202.49999999999997,-10.920829132505375,false
112.5,217.49999999999997,-13.126941020625566,false
112.5,232.5,-14.061649639648294,false
112.5,247.49999999999997,-11.466821671750239,false
112.5,262.49999999999994,-6.084920673573197,false
112.5,277.5,-6.880088603224621,false
112.5,292.5,-17.456519172433293,false
112.5,307.49999999999994,-18.681551953005552,false
112.5,322.5,-24.64717738773472,false
112.5,337.5,-19.89601730893658,false
112.5,352.49999999999994,-6.710153378637581,false
115.49999999999999,7.499999999999999,-8.38891229778095,false
115.49999999999999,22.5,-9.928570353530114,false
115.49999999999999,37.49999999999999,-12.449942117081168,false
115.49999999999999,52.5,-13.477902727097533,false
115.49999999999999,67.5,-11.375264585363691,false
115.49999999999999,82.5,-4.978797219938688,false
115.49999999999999,97.49999999999999,-6.093542578915163,false
115.49999999999999,112.49999999999999,-17.318940222770756,false
115.49999999999999,127.49999999999999,-18.438786620673305,false
115.49999999999999,142.5,-25.38409521615884,false
115.49999999999999,157.5,-21.14199130197934,false
115.49999999999999,172.49999999999997,-8.355701710255508,false
115.49999999999999,187.5,-8.38891229778086,false
115.49999999999999,202.49999999999997,-9.928570353530112,false
115.49999999999999,217.49999999999997,-12.449942117081182,false
115.49999999999999,232.5,-13.4779027270977,false
115.49999999999999,247.49999999999997,-11.375264585363867,false
115.49999999999999,262.49999999999994,-4.978797219938703,false
115.49999999999999,277.5,-6.0935425789151445,false
115.49999999999999,292.5,-17.318940222770635,false
115.49999999999999,307.49999999999994,-18.438786620673174,false
115.49999999999999,322.5,-25.384095216159068,false
115.49999999999999,337.5,-21.14199130197907,false
115.49999999999999,352.49999999999994,-8.355701710255692,false
118.49999999999999,7.499999999999999,-11.854823862067658,false
118.49999999999999,22.5,-9.194846927621441,false
118.49999999999999,37.49999999999999,-12.072077876374813,false
118.49999999999999,52.5,-12.95318793794973,false
118.49999999999999,67.5,-11.747497015170316,false
118.49999999999999,82.5,-4.438119172916976,false
118.49999999999999,97.49999999999999,-5.8766771575712085,false
118.49999999999999,112.49999999999999,-17.652449256752597,false
118.49999999999999,127.49999999999999,-18.53272964269592,false
118.49999999999999,142.5,-28.42776832113448,false
118.49999999999999,157.5,-22.305415513642295,false
118.49999999999999,172.49999999999997,-12.748954292919896,false
118.49999999999999,187.5,-11.85482386206755,false
118.49999999999999,202.49999999999997,-9.19484692762144,false
118.49999999999999,217.49999999999997,-12.072077876374834,false
118.49999999999999,232.5,-12.953187937949926,false
118.49999999999999,247.49999999999997,-11.74749701517052,false
118.49999999999999,262.49999999999994,-4.43811917291701,false
118.49999999999999,277.5,-5.876677157571192,false
118.49999999999999,292.5,-17.65244925675237,false
118.49999999999999,307.49999999999994,-18.53272964269579,false
118.49999999999999,322.5,-28.42776832113472,false
118.49999999999999,337.5,-22.305415513641954,false
118.49999999999999,352.49999999999994,-12.74895429292021,false
121.5,7.499999999999999,-11.648551494209585,false
121.5,22.5,-8.972438671631313,false
121.5,37.49999999999999,-12.274187330894595,false
121.5,52.5,-12.542046116994412,false
121.5,67.5,-12.550165111775712,false
121.5,82.5,-4.695382429181533,false
121.5,97.49999999999999,-6.537759000707855,false
121.5,112.49999999999999,-18.33229777284435,false
121.5,127.49999999999999,-18.63359034376264,false
121.5,142.5,-31.91291502902516,false
121.5,157.5,-22.004684666944335,false
121.5,172.49999999999997,-23.693886515454004,false
121.5,187.5,-11.648551494209796,false
121.5,202.49999999999997,-8.972438671631268,false
121.5,217.49999999999997,-12.274187330894652,false
121.5,232.5,-12.542046116994568,false
121.5,247.49999999999997,-12.550165111775907,false
121.5,262.49999999999994,-4.695382429181555,false
121.5,277.5,-6.53775900070784,false
121.5,292.5,-18.332297772844107,false
121.5,307.49999999999994,-18.63359034376248,false
121.5,322.5,-31.912915029026244,false
121.5,337.5,-22.004684666944065,false
121.5,352.49999999999994,-23.693886515453748,false
124.49999999999999,7.499999999999999,-5.919895706445208,false
124.49999999999999,22.5,-9.490124980393626,false
124.49999999999999,37.49999999999999,-13.389494863271095,false
124.49999999999999,52.5,-12.215628358499266,false
124.49999999999999,67.5,-13.55899915780486,false
124.49999999999999,82.5,-6.211580647086382,false
124.49999999999999,97.49999999999999,-8.683981879415285,false
124.49999999999999,112.49999999999999,-18.997260322040212,false
124.49999999999999,127.49999999999999,-17.932403299965184,false
124.49999999999999,142.5,-23.912019333995588,false
124.49999999999999,157.5,-20.495530827020133,false
124.49999999999999,172.49999999999997,-9.905771620960358,false
124.49999999999999,187.5,-5.919895706445354,false
124.49999999999999,202.49999999999997,-9.490124980393555,false
124.49999999999999,217.49999999999997,-13.389494863271132,false
124.49999999999999,232.5,-12.215628358499401,false
124.49999999999999,247.49999999999997,-13.558999157805115,false
124.49999999999999,262.49999999999994,-6.211580647086381,false
124.49999999999999,277.5,-8.683981879415326,false
124.49999999999999,292.5,-18.997260322039953,false
124.49999999999999,307.49999999999994,-17.932403299965024,false
124.49999999999999,322.5,-23.912019333995943,false
124.49999999999999,337.5,-20.49553082702003,false
124.49999999999999,352.49999999999994,-9.905771620960186,false
127.49999999999999,7.499999999999999,-1.7376899487053703,false
127.49999999999999,22.5,-10.990061894200604,false
127.49999999999999,37.49999999999999,-15.642515938759274,false
127.49999999999999,52.5,-11.8634200018133,false
127.49999999999999,67.5,-14.348517984552526,false
127.49999999999999,82.5,-10.267284962708342,false
127.49999999999999,97.49999999999999,-13.69632093758584,false
127.49999999999999,112.49999999999999,-19.371793228414862,false
127.49999999999999,127.49999999999999,-16.314176928509223,false
127.49999999999999,142.5,-18.315360406085404,false
127.49999999999999,157.5,-19.367132291036093,false
127.49999999999999,172.49999999999997,-3.7444753753493605,false
127.49999999999999,187.5,-1.737689948705439,false
127.49999999999999,202.49999999999997,-10.990061894200462,false
127.49999999999999,217.49999999999997,-15.642515938759406,false
127.49999999999999,232.5,-11.863420001813381,false
127.49999999999999,247.49999999999997,-14.348517984552775,false
127.49999999999999,262.49999999999994,-10.267284962708347,false
127.49999999999999,277.5,-13.69632093758585,false
127.49999999999999,292.5,-19.371793228414706,false
127.49999999999999,307.49999999999994,-16.31417692850912,false
127.49999999999999,322.5,-18.315360406085553,false
127.49999999999999,337.5,-19.367132291036167,false
127.49999999999999,352.49999999999994,-3.7444753753493116,false
130.5,7.499999999999999,0.815558108914147,false
130.5,22.5,-13.70687835302206,false
130.5,37.49999999999999,-17.14821154507712,false
130.5,52.5,-11.46580829770931,false
130.5,67.5,-14.766901642433902,false
130.5,82.5,-21.68859957656587,false
130.5,97.49999999999999,-14.102185104662254,false
130.5,112.49999999999999,-19.86822130182127,false
130.5,127.49999999999999,-14.909554119241948,false
130.5,142.5,-15.161818333778527,false
130.5,157.5,-19.318640401429718,false
130.5,172.49999999999997,-0.37007392946911805,false
130.5,187.5,0.8155581089141406,false
130.5,202.49999999999997,-13.706878353021832,false
130.5,217.49999999999997,-17.148211545077544,false
130.5,232.5,-11.465808297709358,false
130.5,247.49999999999997,-14.766901642434132,false
130.5,262.49999999999994,-21.688599576565775,false
130.5,277.5,-14.102185104662315,false
130.5,292.5,-19.868221301821183,false
130.5,307.49999999999994,-14.909554119241852,false
130.5,322.5,-15.161818333778609,false
130.5,337.5,-19.318640401429782,false
130.5,352.49999999999994,-0.3700739294691244,false
133.5,7.499999999999999,2.0182248478925473,false
133.5,22.5,-17.41845071801097,false
133.5,37.49999999999999,-14.079543254328765,false
133.5,52.5,-11.320028467307877,false
133.5,67.5,-15.241644377470038,false
133.5,82.5,-9.523723815153787,false
133.5,97.49999999999999,-6.502326340408635,false
133.5,112.49999999999999,-21.050155123561844,false
133.5,127.49999999999999,-14.827395298114514,false
133.5,142.5,-13.69136173153664,false
133.5,157.5,-20.248086094046837,false
133.5,172.49999999999997,1.3531128361879907,false
133.5,187.5,2.0182248478925704,false
133.5,202.49999999999997,-17.418450718010718,false
133.5,217.49999999999997,-14.079543254329137,false
133.5,232.5,-11.320028467307901,false
133.5,247.49999999999997,-15.241644377470188,false
133.5,262.49999999999994,-9.523723815153819,false
133.5,277.5,-6.502326340408643,false
133.5,292.5,-21.05015512356178,false
133.5,307.49999999999994,-14.827395298114352,false
133.5,322.5,-13.691361731536652,false
133.5,337.5,-20.248086094046926,false
133.5,352.49999999999994,1.3531128361879574,false
136.49999999999997,7.499999999999999,1.814413879332189,false
136.49999999999997,22.5,-20.262115640105122,false
136.49999999999997,37.49999999999999,-10.582777606134544,false
136.49999999999997,52.5,-12.049014483345292,false
136.49999999999997,67.5,-15.871072184259695,false
136.49999999999997,82.5,-3.401217009298513,false
136.49999999999997,97.49999999999999,-2.255003913870888,false
136.49999999999997,112.49999999999999,-21.553041381211173,false
136.49999999999997,127.49999999999999,-17.209974793631147,false
136.49999999999997,142.5,-13.319116040278447,false
136.49999999999997,157.5,-21.08763692040653,false
136.49999999999997,172.49999999999997,1.5932896928336882,false
136.49999999999997,187.5,1.814413879332262,false
136.49999999999997,202.49999999999997,-20.26211564010523,false
136.49999999999997,217.49999999999997,-10.582777606134767,false
136.49999999999997,232.5,-12.049014483345356,false
136.49999999999997,247.49999999999997,-15.871072184259802,false
136.49999999999997,262.49999999999994,-3.401217009298531,false
136.49999999999997,277.5,-2.255003913870877,false
136.49999999999997,292.5,-21.553041381210964,false
136.49999999999997,307.49999999999994,-17.20997479363086,false
136.49999999999997,322.5,-13.319116040278443,false
136.49999999999997,337.5,-21.087636920406517,false
136.49999999999997,352.49999999999994,1.5932896928336127,false
139.5,7.499999999999999,-0.34531712606737514,false
139.5,22.5,-21.19755314144512,false
139.5,37.49999999999999,-8.57678905196672,false
139.5,52.5,-14.636186724771873,false
139.5,67.5,-15.604249680291014,false
139.5,82.5,-0.572562425352918,false
139.5,97.49999999999999,-0.20669568735777033,false
139.5,112.49999999999999,-19.582735258866727,false
139.5,127.49999999999999,-22.723053352843642,false
139.5,142.5,-12.660841002648953,false
139.5,157.5,-20.24201654814409,false
139.5,172.49999999999997,-0.0347547516221148,false
139.5,187.5,-0.3453171260672655,false
139.5,202.49999999999997,-21.197553141445752,false
139.5,217.49999999999997,-8.576789051966838,false
139.5,232.5,-14.636186724772077,false
139.5,247.49999999999997,-15.604249680291002,false
139.5,262.49999999999994,-0.5725624253529549,false
139.5,277.5,-0.20669568735775817,false
139.5,292.5,-19.582735258866467,false
139.5,307.49999999999994,-22.723053352842953,false
139.5,322.5,-12.660841002648981,false
139.5,337.5,-20.24201654814396,false
139.5,352.49999999999994,-0.03475475162221249,false
142.5,7.499999999999999,-6.909711422115638,false
142.5,22.5,-16.284358528259876,false
142.5,37.49999999999999,-8.006685043946431,false
142.5,52.5,-20.8401563647371,false
142.5,67.5,-14.494911084688658,false
142.5,82.5,0.06731412686293513,false
142.5,97.49999999999999,-0.11413300525324561,false
142.5,112.49999999999999,-18.699428824751255,false
142.5,127.49999999999999,-16.474186007357293,false
142.5,142.5,-10.603781721388106,false
142.5,157.5,-16.52127369104543,false
142.5,172.49999999999997,-5.322950859228364,false
142.5,187.5,-6.9097114221153575,false
142.5,202.49999999999997,-16.284358528260107,false
142.5,217.49999999999997,-8.006685043946453,false
142.5,232.5,-20.840156364737897,false
142.5,247.49999999999997,-14.494911084688656,false
142.5,262.49999999999994,0.06731412686290761,false
142.5,277.5,-0.11413300525323325,false
142.5,292.5,-18.699428824751212,false
142.5,307.49999999999994,-16.474186007357368,false
142.5,322.5,-10.603781721388232,false
142.5,337.5,-16.52127369104525,false
142.5,352.49999999999994,-5.322950859228577,false
145.49999999999997,7.499999999999999,-10.315612733109385,false
145.49999999999997,22.5,-9.302819733821828,false
145.49999999999997,37.49999999999999,-8.731582828653972,false
145.49999999999997,52.5,-19.66687374590952,false
145.49999999999997,67.5,-14.188827760750433,false
145.49999999999997,82.5,-1.8876108845103625,false
145.49999999999997,97.49999999999999,-2.754488330244651,false
145.49999999999997,112.49999999999999,-19.145648488641292,false
145.49999999999997,127.49999999999999,-11.375076489607878,false
145.49999999999997,142.5,-8.628215681977876,false
145.49999999999997,157.5,-10.798252857169198,false
145.49999999999997,172.49999999999997,-12.36398153197343,false
145.49999999999997,187.5,-10.31561273310964,false
145.49999999999997,202.49999999999997,-9.30281973382184,false
145.49999999999997,217.49999999999997,-8.73158282865392,false
145.49999999999997,232.5,-19.666873745910067,false
145.49999999999997,247.49999999999997,-14.18882776075045,false
145.49999999999997,262.49999999999994,-1.8876108845104067,false
145.49999999999997,277.5,-2.75448833024462,false
145.49999999999997,292.5,-19.14564848864154,false
145.49999999999997,307.49999999999994,-11.37507648960798,false
145.49999999999997,322.5,-8.628215681977977,false
145.49999999999997,337.5,-10.798252857169139,false
145.49999999999997,352.49999999999994,-12.363981531973218,false
148.5,7.499999999999999,0.4366623783749867,false
148.5,22.5,-4.4279628251513525,false
148.5,37.49999999999999,-10.679441264364108,false
148.5,52.5,-14.18634692184926,false
148.5,67.5,-12.268034298523261,false
148.5,82.5,-9.82584924749983,false
148.5,97.49999999999999,-11.963826588965777,false
148.5,112.49999999999999,-11.130139014072961,false
148.5,127.49999999999999,-9.900623692163597,false
148.5,142.5,-8.187813455990234,false
148.5,157.5,-5.696724036878676,false
148.5,172.49999999999997,-0.36057645928005655,false
148.5,187.5,0.4366623783749213,false
148.5,202.49999999999997,-4.427962825151329,false
148.5,217.49999999999997,-10.679441264364025,false
148.5,232.5,-14.186346921849427,false
148.5,247.49999999999997,-12.26803429852325,false
148.5,262.49999999999994,-9.82584924749993,false
148.5,277.5,-11.963826588965771,false
148.5,292.5,-11.13013901407311,false
148.5,307.49999999999994,-9.900623692163641,false
148.5,322.5,-8.187813455990298,false
148.5,337.5,-5.696724036878696,false
148.5,352.49999999999994,-0.36057645928004084,false
151.5,7.499999999999999,4.623569554252434,false
151.5,22.5,-1.4460322179162508,false
151.5,37.49999999999999,-13.889097473011471,false
151.5,52.5,-12.736566161592242,false
151.5,67.5,-6.368620901940809,false
151.5,82.5,-5.800138133509409,false
151.5,97.49999999999999,-3.378345033478527,false
151.5,112.49999999999999,-4.09239079978628,false
151.5,127.49999999999999,-11.62031826944112,false
151.5,142.5,-10.041429046927597,false
151.5,157.5,-2.1011292547267217,false
151.5,172.49999999999997,4.317192982503666,false
151.5,187.5,4.623569554252453,false
151.5,202.49999999999997,-1.4460322179161997,false
151.5,217.49999999999997,-13.889097473011487,false
151.5,232.5,-12.736566161592354,false
151.5,247.49999999999997,-6.3686209019407976,false
151.5,262.49999999999994,-5.8001381335093924,false
151.5,277.5,-3.3783450334785625,false
151.5,292.5,-4.092390799786344,false
151.5,307.49999999999994,-11.620318269441087,false
151.5,322.5,-10.041429046927622,false
151.5,337.5,-2.1011292547267857,false
151.5,352.49999999999994,4.317192982503635,false
154.49999999999997,7.499999999999999,6.233250839194304,false
154.49999999999997,22.5,-0.24553254756937992,false
154.49999999999997,37.49999999999999,-17.931593471508318,false
154.49999999999997,52.5,-13.425361750665177,false
154.49999999999997,67.5,-1.6518880917188454,false
154.49999999999997,82.5,2.218305584186939,false
154.49999999999997,97.49999999999999,3.2504072382766,false
154.49999999999997,112.49999999999999,0.1736772967273806,false
154.49999999999997,127.49999999999999,-15.503068262380564,false
154.49999999999997,142.5,-14.653622723540886,false
154.49999999999997,157.5,-0.25827726631079906,false
154.49999999999997,172.49999999999997,6.186779869718276,false
154.49999999999997,187.5,6.23325083919434,false
154.49999999999997,202.49999999999997,-0.2455325475692845,false
154.49999999999997,217.49999999999997,-17.931593471508698,false
154.49999999999997,232.5,-13.42536175066531,false
154.49999999999997,247.49999999999997,-1.6518880917188359,false
154.49999999999997,262.49999999999994,2.218305584186954,false
154.49999999999997,277.5,3.250407238276589,false
154.49999999999997,292.5,0.17367729672735188,false
154.49999999999997,307.49999999999994,-15.50306826238051,false
154.49999999999997,322.5,-14.653622723540822,false
154.49999999999997,337.5,-0.258277266310904,false
154.49999999999997,352.49999999999994,6.186779869718215,false
157.5,7.499999999999999,5.661581601320615,false
157.5,22.5,-1.4203455425143203,false
157.5,37.49999999999999,-17.093401490493545,false
157.5,52.5,-15.219183583793605,false
157.5,67.5,0.6565602646393448,false
157.5,82.5,5.301877193615711,false
157.5,97.49999999999999,5.912947071699442,false
157.5,112.49999999999999,2.06434994708507,false
157.5,127.49999999999999,-15.441778929710805,false
157.5,142.5,-16.390576661231442,false
157.5,157.5,-0.7840398693647486,false
157.5,172.49999999999997,5.793611404767174,false
157.5,187.5,5.661581601320693,false
157.5,202.49999999999997,-1.4203455425141907,false
157.5,217.49999999999997,-17.09340149049386,false
157.5,232.5,-15.219183583793649,false
157.5,247.49999999999997,0.6565602646393415,false
157.5,262.49999999999994,5.301877193615713,false
157.5,277.5,5.912947071699438,false
157.5,292.5,2.0643499470850575,false
157.5,307.49999999999994,-15.44177892971083,false
157.5,322.5,-16.39057666123128,false
157.5,337.5,-0.7840398693648789,false
157.5,352.49999999999994,5.79361140476708,false
160.5,7.499999999999999,1.6415334534326331,false
160.5,22.5,-8.365229048521,false
160.5,37.49999999999999,-7.913584800278445,false
160.5,52.5,-19.750740221253555,false
160.5,67.5,-0.24363598360839184,false
160.5,82.5,5.260643314792594,false
160.5,97.49999999999999,5.674971464096476,false
160.5,112.49999999999999,0.9292132319174695,false
160.5,127.49999999999999,-25.430412931923637,false
160.5,142.5,-8.568237726084828,false
160.5,157.5,-6.400054276175451,false
160.5,172.49999999999997,1.9714975068010367,false
160.5,187.5,1.641533453432758,false
160.5,202.49999999999997,-8.365229048520735,false
160.5,217.49999999999997,-7.913584800278489,false
160.5,232.5,-19.750740221253245,false
160.5,247.49999999999997,-0.24363598360839694,false
160.5,262.49999999999994,5.260643314792589,false
160.5,277.5,5.67497146409648,false
160.5,292.5,0.9292132319174711,false
160.5,307.49999999999994,-25.430412931924113,false
160.5,322.5,-8.568237726084744,false
160.5,337.5,-6.4000542761756165,false
160.5,352.49999999999994,1.971497506800932,false
163.49999999999997,7.499999999999999,-8.481571888199657,false
163.49999999999997,22.5,-2.25286176683654,false
163.49999999999997,37.49999999999999,0.7697423946006788,false
163.49999999999997,52.5,-3.2119787442288015,false
163.49999999999997,67.5,-11.645797866652545,false
163.49999999999997,82.5,0.19619154011750045,false
163.49999999999997,97.49999999999999,0.5538531304086263,false
163.49999999999997,112.49999999999999,-9.607644979978309,false
163.49999999999997,127.49999999999999,-3.6139236474207697,false
163.49999999999997,142.5,0.5339817979407547,false
163.49999999999997,157.5,-2.720236858442637,false
163.49999999999997,172.49999999999997,-8.42184457920023,false
163.49999999999997,187.5,-8.481571888199706,false
163.49999999999997,202.49999999999997,-2.25286176683659,false
163.49999999999997,217.49999999999997,0.769742394600686,false
163.49999999999997,232.5,-3.211978744228757,false
163.49999999999997,247.49999999999997,-11.645797866652607,false
163.49999999999997,262.49999999999994,0.19619154011750045,false
163.49999999999997,277.5,0.5538531304086348,false
163.49999999999997,292.5,-9.607644979978245,false
163.49999999999997,307.49999999999994,-3.613923647420805,false
163.49999999999997,322.5,0.5339817979407666,false
163.49999999999997,337.5,-2.7202368584425782,false
163.49999999999997,352.49999999999994,-8.421844579200128,false
166.5,7.499999999999999,6.303932909293923,false
166.5,22.5,7.183739839720009,false
166.5,37.49999999999999,7.382563594630921,false
166.5,52.5,5.714316168136442,false
166.5,67.5,1.659807533067218,false
166.5,82.5,-3.678968204656583,false
166.5,97.49999999999999,-3.669713941201814,false
166.5,112.49999999999999,1.7199104121758797,false
166.5,127.49999999999999,5.818728518322189,false
166.5,142.5,7.4350559019906495,false
166.5,157.5,7.151672350283912,false
166.5,172.49999999999997,6.268268572478245,false
166.5,187.5,6.303932909293924,false
166.5,202.49999999999997,7.1837398397200305,false
166.5,217.49999999999997,7.382563594630939,false
166.5,232.5,5.714316168136463,false
166.5,247.49999999999997,1.6598075330672482,false
166.5,262.49999999999994,-3.6789682046565604,false
166.5,277.5,-3.669713941201844,false
166.5,292.5,1.7199104121758166,false
166.5,307.49999999999994,5.8187285183221515,false
166.5,322.5,7.435055901990636,false
166.5,337.5,7.151672350283912,false
166.5,352.49999999999994,6.268268572478241,false
169.5,7.499999999999999,12.468112992273399,false
169.5,22.5,12.496681842755455,false
169.5,37.49999999999999,12.261092239965205,false
169.5,52.5,11.51003985131052,false
169.5,67.5,10.37021037107407,false
169.5,82.5,9.459585987193845,false
169.5,97.49999999999999,9.50796815441057,false
169.5,112.49999999999999,10.492316981067443,false
169.5,127.49999999999999,11.65391588603198,false
169.5,142.5,12.376783501528422,false
169.5,157.5,12.560992576848857,false
169.5,172.49999999999997,12.486748122634157,false
169.5,187.5,12.468112992273408,false
169.5,202.49999999999997,12.496681842755486,false
169.5,217.49999999999997,12.26109223996522,false
169.5,232.5,11.51003985131055,false
169.5,247.49999999999997,10.37021037107409,false
169.5,262.49999999999994,9.459585987193845,false
169.5,277.5,9.507968154410563,false
169.5,292.5,10.492316981067422,false
169.5,307.49999999999994,11.653915886031957,false
169.5,322.5,12.376783501528392,false
169.5,337.5,12.560992576848836,false
169.5,352.49999999999994,12.486748122634141,false
172.49999999999997,7.499999999999999,15.994924464826347,false
172.49999999999997,22.5,15.907956899905994,false
172.49999999999997,37.49999999999999,15.712998699054715,false
172.49999999999997,52.5,15.396984113668548,false
172.49999999999997,67.5,15.040883893045018,false
172.49999999999997,82.5,14.808194184070214,false
172.49999999999997,97.49999999999999,14.83601986398866,false
172.49999999999997,112.49999999999999,15.113944003680249,false
172.49999999999997,127.49999999999999,15.489926158005163,false
172.49999999999997,142.5,15.798084062154805,false
172.49999999999997,157.5,15.965203850058575,false
172.49999999999997,172.49999999999997,16.01479212973054,false
172.49999999999997,187.5,15.994924464826365,false
172.49999999999997,202.49999999999997,15.907956899906011,false
172.49999999999997,217.49999999999997,15.712998699054745,false
172.49999999999997,232.5,15.396984113668557,false
172.49999999999997,247.49999999999997,15.040883893045029,false
172.49999999999997,262.49999999999994,14.808194184070212,false
172.49999999999997,277.5,14.83601986398866,false
172.49999999999997,292.5,15.113944003680228,false
172.49999999999997,307.49999999999994,15.489926158005145,false
172.49999999999997,322.5,15.798084062154789,false
172.49999999999997,337.5,15.965203850058561,false
172.49999999999997,352.49999999999994,16.014792129730516,false
175.5,7.499999999999999,18.058251789975223,false
175.5,22.5,18.009800225261724,false
175.5,37.49999999999999,17.927677873522786,false
175.5,52.5,17.82660307228038,false
175.5,67.5,17.733810581279176,false
175.5,82.5,17.681826800734516,false
175.5,97.49999999999999,17.69212104847288,false
175.5,112.49999999999999,17.761554759888995,false
175.5,127.49999999999999,17.863607922903043,false
175.5,142.5,17.963655986710773,false
175.5,157.5,18.035489401103455,false
175.5,172.49999999999997,18.067517769907738,false
175.5,187.5,18.05825178997523,false
175.5,202.49999999999997,18.009800225261724,false
175.5,217.49999999999997,17.927677873522782,false
175.5,232.5,17.826603072280392,false
175.5,247.49999999999997,17.733810581279172,false
175.5,262.49999999999994,17.68182680073452,false
175.5,277.5,17.69212104847287,false
175.5,292.5,17.761554759888984,false
175.5,307.49999999999994,17.863607922903036,false
175.5,322.5,17.963655986710762,false
175.5,337.5,18.03548940110344,false
175.5,352.49999999999994,18.067517769907724,false
178.5,7.499999999999999,19.027039926329035,false
178.5,22.5,19.02086496995327,false
178.5,37.49999999999999,19.011220697092007,false
178.5,52.5,19.000607754094787,false
178.5,67.5,18.991874234171924,false
178.5,82.5,18.987448434469762,false
178.5,97.49999999999999,18.988600036608286,false
178.5,112.49999999999999,18.99501583519872,false
178.5,127.49999999999999,19.004888301556615,false
178.5,142.5,19.015488599038274,false
178.5,157.5,19.023981279729515,false
178.5,172.49999999999997,19.02817888273254,false
178.5,187.5,19.02703992632905,false
178.5,202.49999999999997,19.02086496995328,false
178.5,217.49999999999997,19.011220697092014,false
178.5,232.5,19.000607754094794,false
178.5,247.49999999999997,18.99187423417192,false
178.5,262.49999999999994,18.987448434469773,false
178.5,277.5,18.98860003660828,false
178.5,292.5,18.995015835198718,false
178.5,307.49999999999994,19.0048883015566,false
178.5,322.5,19.015488599038278,false
178.5,337.5,19.023981279729508,false
178.5,352.49999999999994,19.028178882732536,false
